Codification_instrument;Commune;Edifice;Edifice_standard;Info_edifice;Codification_edifice;Nom_departement;Code_depertament;Nom_region;Code_insee;Commune_insee;Ancienne_commune;Adresse;Denomination;Livre;Pages_pdf;Pages_livre;Pages_livre_complement;Commentaire;Log;Site_ref;Latitude;Longitude;Orgbase_manu;Orgbase_commune;Orgbase_auto;Orgbase_desc;Orgbase_edifice;Orgbase_facteurs;Orgbase_minicompo;Orgbase_edifice_standard;Orgbase_edifice_log;Orgbase_commune_insee;Reference_palissy;denomination_palissy;Edifce_palissy;protection_palissy
;Aniche;Église Saint-Martin;;;;Nord;Saint-Martin [eglise];EDIFICE_STANDARD;59008;Aniche;;;;;;;;;;;;;http://www.orgbase.nl/scripts/ogb.exe?database=ob2&%250=2018672&LGE=FR&LIJST=lang;;;d;;Coupleux Frères (1935);IIIP/27;;;;;;;
;Annappes;Église Saint-Sébastien;;;;Nord;Saint-Sébastien [eglise];EDIFICE_STANDARD;;;;;;;;;;;;;;;http://www.orgbase.nl/scripts/ogb.exe?database=ob2&%250=2052580&LGE=FR&LIJST=lang;;;d;;Gonzalez, Victor (1949); ;;;;;;;
;Anzin;Église Sainte-Barbe;;;;Nord;Sainte-Barbe [eglise];EDIFICE_STANDARD;59014;Anzin;;;;;;;;;;;;;http://www.orgbase.nl/scripts/ogb.exe?database=ob2&%250=2052579&LGE=FR&LIJST=lang;;;;;; ;;;;;;;
;Arleux;Église Saint-Nicolas;;;;Nord;Saint-Nicolas [eglise];EDIFICE_STANDARD;59015;Arleux;;;;;;;;;;;;;http://www.orgbase.nl/scripts/ogb.exe?database=ob2&%250=2027775&LGE=FR&LIJST=lang;;;d;;Facteur inconnu (1745);IIP/24;;;;;;;
;Armentières;Église Saint-Joseph du Bizet;;;;Nord;Saint-Joseph du Bizet [eglise];EDIFICE_STANDARD;59017;Armentieres;;;;;;;;;;;;;http://www.orgbase.nl/scripts/ogb.exe?database=ob2&%250=2027776&LGE=FR&LIJST=lang;;;d;;Cogez, Bernard (1981);IIP/22;;;;;;;
;Arnèke;Église Saint-Martin;;;;Nord;Saint-Martin [eglise];EDIFICE_STANDARD;59018;Arneke;;;;;;;;;;;;;http://www.orgbase.nl/scripts/ogb.exe?database=ob2&%250=2027777&LGE=FR&LIJST=lang;;;dp;;Neuville & fils, Louis (1899);IIP/19 (17);;;;;;;
;Aubers;Église Saint-Vaast;;;;Nord;Saint-Vaast [eglise];EDIFICE_STANDARD;59025;Aubers;;;;;;;;;;;;;http://www.orgbase.nl/scripts/ogb.exe?database=ob2&%250=2040794&LGE=FR&LIJST=lang;;;p;;; ;;;;;;;
;Avesnes-sur-Helpe;Église Collégial Saint Nicolas;;;;Nord;Collégial Saint Nicolas [eglise];EDIFICE_NON_STANDARD;59036;Avesnes-sur-Helpe;;;;;;;;;;;;;http://www.orgbase.nl/scripts/ogb.exe?database=ob2&%250=2027778&LGE=FR&LIJST=lang;;;d;;Gonzalez, Victor (1964);IIP/36;;;;;;;
;Bailleul;Église Saint-Amand;;;;Nord;Saint-Amand [eglise];EDIFICE_STANDARD;59043;Bailleul;;;;;;;;;;;;;http://www.orgbase.nl/scripts/ogb.exe?database=ob2&%250=2027841&LGE=FR&LIJST=lang;;;d;;Van den Brande, Félix (1932);IIP/21;;;;;;;
;Bailleul;Église Saint-Vaast;;;;Nord;Saint-Vaast [eglise];EDIFICE_STANDARD;59043;Bailleul;;;;;;;;;;;;;http://www.orgbase.nl/scripts/ogb.exe?database=ob2&%250=2027842&LGE=FR&LIJST=lang;;;dp;;Gonzalez, Victor (1933);IIIP/39;;;;;;;
;Bambecque;Église Saint-Omer;;;;Nord;Saint-Omer [eglise];EDIFICE_STANDARD;59046;Bambecque;;;;;;;;;;;;;http://www.orgbase.nl/scripts/ogb.exe?database=ob2&%250=2027843&LGE=FR&LIJST=lang;;;d;;Facteur inconnu (ca. 1700);IIp/16;;;;;;;
;Bavinchove;Église Saint-Omer;;;;Nord;Saint-Omer [eglise];EDIFICE_STANDARD;59054;Bavinchove;;;;;;;;;;;;;http://www.orgbase.nl/scripts/ogb.exe?database=ob2&%250=2027844&LGE=FR&LIJST=lang;;;d;;Vanderhaeghen, Jean-Joseph (1784);IIP/12;;;;;;;
;Bergues;Église Saint-Martin;;;;Nord;Saint-Martin [eglise];EDIFICE_STANDARD;59067;Bergues;;;;;;;;;;;;;http://www.orgbase.nl/scripts/ogb.exe?database=ob2&%250=2027845&LGE=FR&LIJST=lang;;;d;;Müller, Erwin (1961);IIP/33;;;;;;;
;Berthen;Église Saint-Blaise;;;;Nord;Saint-Blaise [eglise];EDIFICE_STANDARD;59073;Berthen;;;;;;;;;;;;;http://www.orgbase.nl/scripts/ogb.exe?database=ob2&%250=2027846&LGE=FR&LIJST=lang;;;d;;González, Luis (1965);IIp/5;;;;;;;
;Bierne;Église Saint-Géry;;;;Nord;Saint-Géry [eglise];EDIFICE_STANDARD;59082;Bierne;;;;;;;;;;;;;http://www.orgbase.nl/scripts/ogb.exe?database=ob2&%250=2027847&LGE=FR&LIJST=lang;;;d;;Neuville & fils, Louis (1859);IIP/14;;;;;;;
;Blaringhem;Église Saint-Martin;;;;Nord;Saint-Martin [eglise];EDIFICE_STANDARD;59084;Blaringhem;;;;;;;;;;;;;http://www.orgbase.nl/scripts/ogb.exe?database=ob2&%250=2027848&LGE=FR&LIJST=lang;;;d;;Heidenreich, Arnold (1877);IP/8;;;;;;;
;Boeschepe;Église Saint-Martin;;;;Nord;Saint-Martin [eglise];EDIFICE_STANDARD;59086;Boeschepe;;;;;;;;;;;;;http://www.orgbase.nl/scripts/ogb.exe?database=ob2&%250=2027849&LGE=FR&LIJST=lang;;;d;;Facteur inconnu (19e eeuw);IIP/12;;;;;;;
;Boeschepe-l'Abéele;Église de la Immaculée Conception;;;;Nord;de la Immaculée Conception [eglise];EDIFICE_NON_STANDARD;;;;;;;;;;;;;;;http://www.orgbase.nl/scripts/ogb.exe?database=ob2&%250=2027886&LGE=FR&LIJST=lang;;;d;;Loncke, Frederick (1893);IIP/12;;;;;;;
;Boëseghem;Église Saint-Léger;;;;Nord;Saint-Léger [eglise];EDIFICE_STANDARD;59087;Boeseghem;;;;;;;;;;;;;http://www.orgbase.nl/scripts/ogb.exe?database=ob2&%250=2027887&LGE=FR&LIJST=lang;;;d;;Renard, Auguste (1835);I/9;;;;;;;
;Bollezeele;Église Saint-Wandrille;;;;Nord;Saint-Wandrille [eglise];EDIFICE_STANDARD;59089;Bollezeele;;;;;;;;;;;;;http://www.orgbase.nl/scripts/ogb.exe?database=ob2&%250=2027888&LGE=FR&LIJST=lang;;;d;;Belle, Jan Van (1679);IIP/18;;;;;;;
;Bondues;Église Saint-Vaast;;;;Nord;Saint-Vaast [eglise];EDIFICE_STANDARD;59090;Bondues;;;;;;;;;;;;;http://www.orgbase.nl/scripts/ogb.exe?database=ob2&%250=2017727&LGE=FR&LIJST=lang;;;d;;Fossaert, Yves (2004);IIIP/25;;;;;;;
;Bondues;Pensionnat des Dames du Sacré-Coeur, Chapelle;;;;Nord;Pensionnat des Dames du Sacré-Coeur, Chapelle;EDIFICE_NON_STANDARD;59090;Bondues;;;;;;;;;;;;;http://www.orgbase.nl/scripts/ogb.exe?database=ob2&%250=2027889&LGE=FR&LIJST=lang;;;;;Roethinger, Etablissements E.-A. (1967);IIP/19;;;;;;;
;Borre;Église Saint-Jean-Baptiste;;;;Nord;Saint-Jean-Baptiste [eglise];EDIFICE_STANDARD;59091;Borre;;;;;;;;;;;;;http://www.orgbase.nl/scripts/ogb.exe?database=ob2&%250=2027890&LGE=FR&LIJST=lang;;;d;;Loncke, Pieter (1928);IIP/14;;;;;;;
;Bourbourg;Église Saint-Jean-Baptiste;;;;Nord;Saint-Jean-Baptiste [eglise];EDIFICE_STANDARD;59094;Bourbourg;;;;;;;;;;;;;http://www.orgbase.nl/scripts/ogb.exe?database=ob2&%250=2027891&LGE=FR&LIJST=lang;;;d;;Godefroy & Dubosc (1971);IIP/18;;;;;;;
;Bouvines;Eglise Saint-Pierre;;;;Nord;Saint-Pierre [eglise];EDIFICE_STANDARD;59106;Bouvines;;;;;;;;;;;;;http://www.orgbase.nl/scripts/ogb.exe?database=ob2&%250=2059135&LGE=FR&LIJST=lang;;;dp;;Mutin-Cavaillé-Coll (1911);IIP/19;;;;;;;
;Brouckerque;Église Saint-Omer;;;;Nord;Saint-Omer [eglise];EDIFICE_STANDARD;59110;Brouckerque;;;;;;;;;;;;;http://www.orgbase.nl/scripts/ogb.exe?database=ob2&%250=2027892&LGE=FR&LIJST=lang;;;dp;;Facteur inconnu (18e eeuw);IIP/13;;;;;;;
;Broxeele;Église Saint-Quentin;;;;Nord;Saint-Quentin [eglise];EDIFICE_STANDARD;59111;Broxeele;;;;;;;;;;;;;http://www.orgbase.nl/scripts/ogb.exe?database=ob2&%250=2027893&LGE=FR&LIJST=lang;;;d;;Renard, Auguste (1840);IP/7;;;;;;;
;Buysscheure;Église Saint-Jean-Baptiste;;;;Nord;Saint-Jean-Baptiste [eglise];EDIFICE_STANDARD;59119;Buysscheure;;;;;;;;;;;;;http://www.orgbase.nl/scripts/ogb.exe?database=ob2&%250=2027894&LGE=FR&LIJST=lang;;;d;;Facteur inconnu (ca. 1835);IP/10;;;;;;;
;Caëstre;Église Notre-Dame-de-Grace;;;;Nord;Notre-Dame-De-Grace [eglise];EDIFICE_STANDARD;59120;Caestre;;;;;;;;;;;;;http://www.orgbase.nl/scripts/ogb.exe?database=ob2&%250=2027895&LGE=FR&LIJST=lang;;;d;;Peteghem, Pierre Charles (II) Van (1851);IIP/26;;;;;;;
;Cambrai;Cathédrale Notre-Dame-de-Grâce;;;;Nord;Notre-Dame-De-Grâce [cathedrale];EDIFICE_STANDARD;59122;Cambrai;;;;;;;;;;;;;http://www.orgbase.nl/scripts/ogb.exe?database=ob2&%250=2001546&LGE=FR&LIJST=lang;;;dp;;Schyven & Cie., Pierre (1897);IIIP/49;;;;;;;
;Cambrai;Cathédrale Notre-Dame-de-Grâce, Orgue de Choeur;;;;Nord;Notre-Dame-De-Grâce, Orgue de Choeur [cathedrale];EDIFICE_STANDARD;59122;Cambrai;;;;;;;;;;;;;http://www.orgbase.nl/scripts/ogb.exe?database=ob2&%250=2020072&LGE=FR&LIJST=lang;;;dp;;Convers, Auguste (1936);IIP/18;;;;;;;
;Cambrai;Église Saint-Géry;;;;Nord;Saint-Géry [eglise];EDIFICE_STANDARD;59122;Cambrai;;;;;;;;;;;;;http://www.orgbase.nl/scripts/ogb.exe?database=ob2&%250=2027850&LGE=FR&LIJST=lang;;;dp;;Merklin, Joseph (1866);IIIP/40;;;;;;;
;Cambrai;Église Saint-Louis;;;;Nord;Saint-Louis [eglise];EDIFICE_STANDARD;59122;Cambrai;;;;;;;;;;;;;http://www.orgbase.nl/scripts/ogb.exe?database=ob2&%250=2051344&LGE=FR&LIJST=lang;;;d;;Mutin-Cavaillé-Coll (ca. 1900);IIP/15 (13);;;;;;;
;Cappellebrouck;Église Saint-Jacques-le-Majeur;;;;Nord;Saint-Jacques-Le-Majeur [eglise];EDIFICE_STANDARD;;;;;;;;;;;;;;;http://www.orgbase.nl/scripts/ogb.exe?database=ob2&%250=2027896&LGE=FR&LIJST=lang;;;d;;Godefroy & Dubosc (1963);IIP/7;;;;;;;
;Cassel;Église Notre-Dame;;;;Nord;Notre-Dame [eglise];EDIFICE_STANDARD;59135;Cassel;;;;;;;;;;;;;http://www.orgbase.nl/scripts/ogb.exe?database=ob2&%250=2027897&LGE=FR&LIJST=lang;;;dp;;Cogez, Bernard (2001);IIP/20;;;;;;;
;Caudry;Église Sainte-Maxellende;;;;Nord;Sainte-Maxellende [eglise];EDIFICE_STANDARD;59139;Caudry;;;;;;;;;;;;;http://www.orgbase.nl/scripts/ogb.exe?database=ob2&%250=2027898&LGE=FR&LIJST=lang;;;d;;Mutin, Charles (1913);IIP/12;;;;;;;
;Coudekerque Branche;Église Sacré-Coeur;;;;Nord;Sacré-Coeur [eglise];EDIFICE_NON_STANDARD;59155;Coudekerque-Branche;;;;;;;;;;;;;http://www.orgbase.nl/scripts/ogb.exe?database=ob2&%250=2027899&LGE=FR&LIJST=lang;;;d;;Delmotte, Edouard & Théophile (1891);IIP/18;;;;;;;
;Croix;Église Saint-Martin;;;;Nord;Saint-Martin [eglise];EDIFICE_STANDARD;59163;Croix;;;;;;;;;;;;;http://www.orgbase.nl/scripts/ogb.exe?database=ob2&%250=2051345&LGE=FR&LIJST=lang;;;dp;;Grammet, Jean (ca. 1900?);IIP/22;;;;;;;
;Cysoing;Église Saint-Calixte et Saint Evrard;;;;Nord;Saint-Calixte Et Saint Evrard [eglise];EDIFICE_STANDARD;59168;Cysoing;;;;;;;;;;;;;http://www.orgbase.nl/scripts/ogb.exe?database=ob2&%250=2059136&LGE=FR&LIJST=lang;;;d;;Merklin-Schütze, maison (1870);IIP/12;;;;;;;
;Deûlémont;Église Saint-Symphorien;;;;Nord;Saint-Symphorien [eglise];EDIFICE_STANDARD;59173;Deulemont;;;;;;;;;;;;;http://www.orgbase.nl/scripts/ogb.exe?database=ob2&%250=2033961&LGE=FR&LIJST=lang;;;d;;Coupleux Frères (1924);IIP/8;;;;;;;
;Douai;Conservatoire de Musique à Rayonnement Régional;;;;Nord;Conservatoire de Musique À Rayonnement Régional;EDIFICE_NON_STANDARD;59178;Douai;;;;;;;;;;;;;http://www.orgbase.nl/scripts/ogb.exe?database=ob2&%250=2056261&LGE=FR&LIJST=lang;;;d;;Muhleisen, Ernest (1986);IIP/10;;;;;;;
;Douai;Église Collégiale Saint-Pierre;;;;Nord;Église Collégiale Saint-Pierre;EDIFICE_NON_STANDARD;59178;Douai;;;;;;;;;;;;;http://www.orgbase.nl/scripts/ogb.exe?database=ob2&%250=2001527&LGE=FR&LIJST=lang;;;dp;;Mutin, Charles (1922);IVP/67 (66);;;;;;;
;Douai;Église Collégiale Saint-Pierre, Orgue de Choeur;;;;Nord;Église Collégiale Saint-Pierre, Orgue de Choeur;EDIFICE_NON_STANDARD;59178;Douai;;;;;;;;;;;;;http://www.orgbase.nl/scripts/ogb.exe?database=ob2&%250=2007338&LGE=FR&LIJST=lang;;;dp;;Merklin, Joseph (1856);Ip/9;;;;;;;
;Douai;Église Notre-Dame;;;;Nord;Notre-Dame [eglise];EDIFICE_STANDARD;59178;Douai;;;;;;;;;;;;;http://www.orgbase.nl/scripts/ogb.exe?database=ob2&%250=2002438&LGE=FR&LIJST=lang;;;dp;;Muhleisen, Ernest (1981);IIP/29;;;;;;;
;Douai;Église Saint-Jacques;;;;Nord;Saint-Jacques [eglise];EDIFICE_STANDARD;59178;Douai;;;;;;;;;;;;;http://www.orgbase.nl/scripts/ogb.exe?database=ob2&%250=2009934&LGE=FR&LIJST=lang;;;dp;;Schyven & Cie., Pierre (1880);IIIP/44;;;;;;;
;Douai;Huisorgel J.Ph. Mesnier;;;;Nord;Huisorgel J.ph. Mesnier;EDIFICE_NON_STANDARD;59178;Douai;;;;;;;;;;;;;http://www.orgbase.nl/scripts/ogb.exe?database=ob2&%250=2009936&LGE=FR&LIJST=lang;;;;;; ;;;;;;;
;Douai;Insitution Saint-Jean;;;;Nord;Insitution Saint-Jean;EDIFICE_NON_STANDARD;59178;Douai;;;;;;;;;;;;;http://www.orgbase.nl/scripts/ogb.exe?database=ob2&%250=2009935&LGE=FR&LIJST=lang;;;;;; ;;;;;;;
;Dunkerque;Église Notre-Dame-des-Dunes;;;;Nord;Notre-Dame-Des-Dunes [eglise];EDIFICE_STANDARD;59183;Dunkerque;;;;;;;;;;;;;http://www.orgbase.nl/scripts/ogb.exe?database=ob2&%250=2027852&LGE=FR&LIJST=lang;;;d;;Cogez, Bernard (1984);IIP/14;;;;;;;
;Dunkerque;Église Saint-Eloi;;;;Nord;Saint-Eloi [eglise];EDIFICE_STANDARD;59183;Dunkerque;;;;;;;;;;;;;http://www.orgbase.nl/scripts/ogb.exe?database=ob2&%250=2019401&LGE=FR&LIJST=lang;;;d;;Danion-Gonzalèz (1971);IIIP/45;;;;;;;
;Dunkerque;Église Saint-Eloi, Orgue de Choeur;;;;Nord;Saint-Eloi, Orgue de Choeur [eglise];EDIFICE_STANDARD;59183;Dunkerque;;;;;;;;;;;;;http://www.orgbase.nl/scripts/ogb.exe?database=ob2&%250=2027851&LGE=FR&LIJST=lang;;;d;;Vansteene & Loncke (1965);IP/6;;;;;;;
;Dunkerque;Église Saint-Jean-Baptiste;;;;Nord;Saint-Jean-Baptiste [eglise];EDIFICE_STANDARD;59183;Dunkerque;;;;;;;;;;;;;http://www.orgbase.nl/scripts/ogb.exe?database=ob2&%250=2027853&LGE=FR&LIJST=lang;;;dp;;Godefroy & Dubosc (1968);IIP/18;;;;;;;
;Dunkerque;Église Saint-Martin;;;;Nord;Saint-Martin [eglise];EDIFICE_STANDARD;59183;Dunkerque;;;;;;;;;;;;;http://www.orgbase.nl/scripts/ogb.exe?database=ob2&%250=2027854&LGE=FR&LIJST=lang;;;d;;Cavaillé-Coll, Aristide (1875);IIP/20;;;;;;;
;Dunkerque;Temple Réformé;;;;Nord;Réformé [temple];EDIFICE_NON_STANDARD;59183;Dunkerque;;;;;;;;;;;;;http://www.orgbase.nl/scripts/ogb.exe?database=ob2&%250=2027855&LGE=FR&LIJST=lang;;;d;;Schumacher, Guido;IIP/3;;;;;;;
;Eecke;Église Saint-Vulmar;;;;Nord;Saint-Vulmar [eglise];EDIFICE_STANDARD;59189;Eecke;;;;;;;;;;;;;http://www.orgbase.nl/scripts/ogb.exe?database=ob2&%250=2027905&LGE=FR&LIJST=lang;;;p;;Renard, Auguste (1844);IIP;;;;;;;
;Ennetières-en-Weppes;Église Saint-Martin;;;;Nord;Saint-Martin [eglise];EDIFICE_STANDARD;59196;Ennetieres-en-Weppes;;;;;;;;;;;;;http://www.orgbase.nl/scripts/ogb.exe?database=ob2&%250=2033962&LGE=FR&LIJST=lang;;;d;;Facteur inconnu;Ip/4;;;;;;;
;Erquinghem-Lys;Église Saint-Germain-Saint-Martin;;;;Nord;Saint-Germain-Saint-Martin [eglise];EDIFICE_STANDARD;59202;Erquinghem-Lys;;;;;;;;;;;;;http://www.orgbase.nl/scripts/ogb.exe?database=ob2&%250=2027906&LGE=FR&LIJST=lang;;;d;;Cogez, Bernard (1999);IP/10;;;;;;;
;Esquelbecq;Église Saint-Folquin;;;;Nord;Saint-Folquin [eglise];EDIFICE_STANDARD;59210;Esquelbecq;;;;;;;;;;;;;http://www.orgbase.nl/scripts/ogb.exe?database=ob2&%250=2007498&LGE=FR&LIJST=lang;;;dp;;Garnier, Marc (1982);IIP/25;;;;;;;
;Estaires;Église Saint-Vaast;;;;Nord;Saint-Vaast [eglise];EDIFICE_STANDARD;59212;Estaires;;;;;;;;;;;;;http://www.orgbase.nl/scripts/ogb.exe?database=ob2&%250=2027907&LGE=FR&LIJST=lang;;;d;;Müller, Erwin (1962);IIP/19;;;;;;;
;Fives;Église du Saint-Sacrement;;;;Nord;du Saint-Sacrement [eglise];EDIFICE_NON_STANDARD;;;;;;;;;;;;;;;http://www.orgbase.nl/scripts/ogb.exe?database=ob2&%250=2027908&LGE=FR&LIJST=lang;;;d;;Gonzalez, Victor (1955);IIP/24 (20);;;;;;;
;Fives;Église Notre-Dame;;;;Nord;Notre-Dame [eglise];EDIFICE_STANDARD;;;;;;;;;;;;;;;http://www.orgbase.nl/scripts/ogb.exe?database=ob2&%250=2051348&LGE=FR&LIJST=lang;;;dp;;Cogez, Bernard (1980);IIP/14;;;;;;;
;Flêtre;Église Saint-Mathieu;;;;Nord;Saint-Mathieu [eglise];EDIFICE_STANDARD;59237;Fletre;;;;;;;;;;;;;http://www.orgbase.nl/scripts/ogb.exe?database=ob2&%250=2027865&LGE=FR&LIJST=lang;;;d;;Abbey jr., John (1933);IIP/11;;;;;;;
;Forest-sur-Marque;Église Saint-Jean-Baptiste;;;;Nord;Saint-Jean-Baptiste [eglise];EDIFICE_STANDARD;59247;Forest-sur-Marque;;;;;;;;;;;;;http://www.orgbase.nl/scripts/ogb.exe?database=ob2&%250=2052577&LGE=FR&LIJST=lang;;;;;Geen orgel aanwezig; ;;;;;;;
;Fourmies;Église Notre-Dame de Trieux;;;;Nord;Notre-Dame de Trieux [eglise];EDIFICE_STANDARD;59249;Fourmies;;;;;;;;;;;;;http://www.orgbase.nl/scripts/ogb.exe?database=ob2&%250=2027909&LGE=FR&LIJST=lang;;;dp;;Delmotte, Maurice (na 1948);IIIP/24;;;;;;;
;Ghyvelde;Église Saint-Vincent;;;;Nord;Saint-Vincent [eglise];EDIFICE_STANDARD;59260;Ghyvelde;;;;;;;;;;;;;http://www.orgbase.nl/scripts/ogb.exe?database=ob2&%250=2028050&LGE=FR&LIJST=lang;;;dp;;Vansteene & Loncke (1962);IIP/15;;;;;;;
;Godewaersvelde;Église Abbatiale de Sainte-Marie-du-Mont-des-Cats;;;;Nord;de Sainte-Marie-Du-Mont-Des-Cats [eglise Abbatiale];EDIFICE_NON_STANDARD;59262;Godewaersvelde;;;;;;;;;;;;;http://www.orgbase.nl/scripts/ogb.exe?database=ob2&%250=2028052&LGE=FR&LIJST=lang;;;dp;;Hartmann, Philippe (1989);IIP/22 (15);;;;;;;
;Godewaersvelde;Église Saint-Pierre;;;;Nord;Saint-Pierre [eglise];EDIFICE_STANDARD;59262;Godewaersvelde;;;;;;;;;;;;;http://www.orgbase.nl/scripts/ogb.exe?database=ob2&%250=2028051&LGE=FR&LIJST=lang;;;d;;Loncke, Frederick (1912);IIP/13;;;;;;;
;Grand Fort Philippe;Église Notre-Dame-de-Grâce;;;;Nord;Notre-Dame-De-Grâce [eglise];EDIFICE_STANDARD;59272;Grand-Fort-Philippe;;;;;;;;;;;;;http://www.orgbase.nl/scripts/ogb.exe?database=ob2&%250=2028053&LGE=FR&LIJST=lang;;;d;;Delmotte, Edouard & Théophile (ca. 1885);IIP/14;;;;;;;
;Gravelines;Église Saint-Willibrord;;;;Nord;Saint-Willibrord [eglise];EDIFICE_STANDARD;59273;Gravelines;;;;;;;;;;;;;http://www.orgbase.nl/scripts/ogb.exe?database=ob2&%250=2028049&LGE=FR&LIJST=lang;;;d;;Facteur inconnu (18e eeuw);IIP/22;;;;;;;
;Gruson;Église Notre-Dame-de-la-Visitation;;;;Nord;Notre-Dame-De-La-Visitation [eglise];EDIFICE_STANDARD;59275;Gruson;;;;;;;;;;;;;http://www.orgbase.nl/scripts/ogb.exe?database=ob2&%250=2028032&LGE=FR&LIJST=lang;;;d;;Cacheux, Cornil (1905);IIIP/16;;;;;;;
;Halluin;Église Saint-Hilaire;;;;Nord;Saint-Hilaire [eglise];EDIFICE_STANDARD;59279;Halluin;;;;;;;;;;;;;http://www.orgbase.nl/scripts/ogb.exe?database=ob2&%250=2027866&LGE=FR&LIJST=lang;;;d;;Anneessens, Charles (1892);IIIP/44;;;;;;;
;Hardifort;Église Saint-Martin;;;;Nord;Saint-Martin [eglise];EDIFICE_STANDARD;59282;Hardifort;;;;;;;;;;;;;http://www.orgbase.nl/scripts/ogb.exe?database=ob2&%250=2028054&LGE=FR&LIJST=lang;;;d;;Renard, Auguste (1850);I/9;;;;;;;
;Hazebrouck;Église Notre-Dame-de-Lourdes;;;;Nord;Notre-Dame-De-Lourdes [eglise];EDIFICE_STANDARD;59295;Hazebrouck;;;;;;;;;;;;;http://www.orgbase.nl/scripts/ogb.exe?database=ob2&%250=2028047&LGE=FR&LIJST=lang;;;d;;Godefroy & Dubosc (1964);IIIP/50 (21);;;;;;;
;Hazebrouck;Église Sacré-Coeur;;;;Nord;Sacré-Coeur [eglise];EDIFICE_NON_STANDARD;59295;Hazebrouck;;;;;;;;;;;;;http://www.orgbase.nl/scripts/ogb.exe?database=ob2&%250=2028046&LGE=FR&LIJST=lang;;;d;;Debièrre, Louis (1885);I/4;;;;;;;
;Hazebrouck;Église Saint-Éloi;;;;Nord;Saint-Éloi [eglise];EDIFICE_STANDARD;59295;Hazebrouck;;;;;;;;;;;;;http://www.orgbase.nl/scripts/ogb.exe?database=ob2&%250=2028045&LGE=FR&LIJST=lang;;;dp;;Beuchet-Debièrre, Manufacture (1966);IIIP/43;;;;;;;
;Hazebrouck;Institution Saint-Jacques, Chapelle;;;;Nord;Saint-Jacques, Chapelle [institution];EDIFICE_STANDARD;59295;Hazebrouck;;;;;;;;;;;;;http://www.orgbase.nl/scripts/ogb.exe?database=ob2&%250=2059055&LGE=FR&LIJST=lang;;;dp;;Fossaert, Yves (2011);IIP/14;;;;;;;
;Hazebrouck;Institution Saint-Jacques, Chapelle;;;;Nord;Saint-Jacques, Chapelle [institution];EDIFICE_STANDARD;59295;Hazebrouck;;;;;;;;;;;;;http://www.orgbase.nl/scripts/ogb.exe?database=ob2&%250=2028048&LGE=FR&LIJST=lang;;;dp;;Merklin-Schütze, maison (1870 - 2008);IIP/15;;;;;;;
;Hellemmes;Église Saint-Denis;;;;Nord;Saint-Denis [eglise];EDIFICE_STANDARD;;;;;;;;;;;;;;;http://www.orgbase.nl/scripts/ogb.exe?database=ob2&%250=2051350&LGE=FR&LIJST=lang;;;dp;;Damiens, Frères (1875);IIP/26;;;;;;;
;Hem;Chapelle Sainte-Thérèse de l'Enfant Jésus;;;;Nord;Sainte-Thérèse de l'Enfant Jésus [chapelle];EDIFICE_STANDARD;59299;Hem;;;;;;;;;;;;;http://www.orgbase.nl/scripts/ogb.exe?database=ob2&%250=2056279&LGE=FR&LIJST=lang;;;d;;Dubosc, Maurice (1964);IIP/14;;;;;;;
;Hem;Église Saint-Paul;;;;Nord;Saint-Paul [eglise];EDIFICE_STANDARD;59299;Hem;;;;;;;;;;;;;http://www.orgbase.nl/scripts/ogb.exe?database=ob2&%250=2056278&LGE=FR&LIJST=lang;;;d;;Facteur inconnu (1952);IP/6;;;;;;;
;Herzeele;Église Notre-Dame-de-l'Assomption;;;;Nord;notre-dame-de-l'Assomption [eglise];EDIFICE_NON_STANDARD;59305;Herzeele;;;;;;;;;;;;;http://www.orgbase.nl/scripts/ogb.exe?database=ob2&%250=2028055&LGE=FR&LIJST=lang;;;dp;;Frémate, Jean-François (1759);IIP/22 (21);;;;;;;
;Hondeghem;Église Saint-Omer;;;;Nord;Saint-Omer [eglise];EDIFICE_STANDARD;59308;Hondeghem;;;;;;;;;;;;;http://www.orgbase.nl/scripts/ogb.exe?database=ob2&%250=2028056&LGE=FR&LIJST=lang;;;d;;Godefroy & Dubosc (1934);IIP/18;;;;;;;
;Hondschoote;Église Saint-Vaast;;;;Nord;Saint-Vaast [eglise];EDIFICE_STANDARD;59309;Hondschoote;;;;;;;;;;;;;http://www.orgbase.nl/scripts/ogb.exe?database=ob2&%250=2028057&LGE=FR&LIJST=lang;;;dp;;Neuville, Charles (1859);IIP/28;;;;;;;
;Houtkerkque;Église Saint-Antoine;;;;Nord;Saint-Antoine [eglise];EDIFICE_STANDARD;;;;;;;;;;;;;;;http://www.orgbase.nl/scripts/ogb.exe?database=ob2&%250=2028058&LGE=FR&LIJST=lang;;;d;;Vanderhaeghen, Jean-Joseph (1757);IIP/23;;;;;;;
;Killem;Église Saint-Michel;;;;Nord;Saint-Michel [eglise];EDIFICE_STANDARD;59326;Killem;;;;;;;;;;;;;http://www.orgbase.nl/scripts/ogb.exe?database=ob2&%250=2028059&LGE=FR&LIJST=lang;;;d;;Facteur inconnu (18e eeuw);IIP/5;;;;;;;
;La Croix-du-Bac;Église Notre-Dame des Sept Douleurs;;;;Nord;Notre-Dame des Sept Douleurs [eglise];EDIFICE_STANDARD;;;;;;;;;;;;;;;http://www.orgbase.nl/scripts/ogb.exe?database=ob2&%250=2033611&LGE=FR&LIJST=lang;;;d;;Cogez, Bernard (1996);IP/9;;;;;;;
;La Gorgue;Église Saint-Pierre;;;;Nord;Saint-Pierre [eglise];EDIFICE_STANDARD;59268;La Gorgue;;;;;;;;;;;;;http://www.orgbase.nl/scripts/ogb.exe?database=ob2&%250=2033525&LGE=FR&LIJST=lang;;;d;;Debièrre, Louis (?);IIP/8;;;;;;;
;La Madeleine;Église Notre-Dame-de-Lourdes;;;;Nord;Notre-Dame-De-Lourdes [eglise];EDIFICE_STANDARD;59368;La Madeleine;;;;;;;;;;;;;http://www.orgbase.nl/scripts/ogb.exe?database=ob2&%250=2028029&LGE=FR&LIJST=lang;;;d;;Gonzalez, Victor (1952);IIIP/41;;;;;;;
;La Madeleine;Église Sainte-Marie Madeleine;;;;Nord;Sainte-Marie Madeleine [eglise];EDIFICE_STANDARD;59368;La Madeleine;;;;;;;;;;;;;http://www.orgbase.nl/scripts/ogb.exe?database=ob2&%250=2001275&LGE=FR&LIJST=lang;;;d;;Merklin, Joseph (1893);IIP/23 (19);;;;;;;
;Lambersart;Église Saint-Calixte;;;;Nord;Saint-Calixte [eglise];EDIFICE_STANDARD;59328;Lambersart;;;;;;;;;;;;;http://www.orgbase.nl/scripts/ogb.exe?database=ob2&%250=2059252&LGE=FR&LIJST=lang;;;d;;Heuvel Orgelbouw, Van den (2018?);IIIP/49;;;;;;;
;Lambersart;Église Saint-Calixte;;;;Nord;Saint-Calixte [eglise];EDIFICE_STANDARD;59328;Lambersart;;;;;;;;;;;;;http://www.orgbase.nl/scripts/ogb.exe?database=ob2&%250=2059251&LGE=FR&LIJST=lang;;;dp;;Schyven & Cie., Pierre (1894);IIP/21;;;;;;;
;Landas;Église Saint-Vaast;;;;Nord;Saint-Vaast [eglise];EDIFICE_STANDARD;59330;Landas;;;;;;;;;;;;;http://www.orgbase.nl/scripts/ogb.exe?database=ob2&%250=2028037&LGE=FR&LIJST=lang;;;d;;Vandeville, Paul (1894);IIP/14 (12);;;;;;;
;Le Cateau-Cambrésis;Église Abbatiale Saint-Martin;;;;Nord;Saint-Martin [eglise Abbatiale];EDIFICE_STANDARD;59136;Le Cateau-Cambresis;;;;;;;;;;;;;http://www.orgbase.nl/scripts/ogb.exe?database=ob2&%250=2033963&LGE=FR&LIJST=lang;;;d;;Manufacture Jaquot-Lavergne (1936);IIP/21;;;;;;;
;Le Cateau-Cambrésis;Église Abbatiale Saint-Martin, Orgue de Choeur;;;;Nord;Saint-Martin, Orgue de Choeur [eglise Abbatiale];EDIFICE_STANDARD;59136;Le Cateau-Cambresis;;;;;;;;;;;;;http://www.orgbase.nl/scripts/ogb.exe?database=ob2&%250=2057167&LGE=FR&LIJST=lang;;;d;;Manufacture Jaquot-Lavergne (1934);Ip/6;;;;;;;
;Le Doulieu;Église Saint-Martin;;;;Nord;Saint-Martin [eglise];EDIFICE_STANDARD;59180;Le Doulieu;;;;;;;;;;;;;http://www.orgbase.nl/scripts/ogb.exe?database=ob2&%250=2033527&LGE=FR&LIJST=lang;;;d;;Coupleux Frères (1930);IIP/11;;;;;;;
;Le Quesnoy;Église Notre-Dame de l'Assomption;;;;Nord;Notre-Dame de l'Assomption [eglise];EDIFICE_STANDARD;59481;Le Quesnoy;;;;;;;;;;;;;http://www.orgbase.nl/scripts/ogb.exe?database=ob2&%250=2059886&LGE=FR&LIJST=lang;;;dp;;Facteur inconnu (1839);IIP/15 (14);;;;;;;
;Lederzeele;Église d'Assomption de Notre-Dame;;;;Nord;d'Assomption de Notre-Dame [eglise];EDIFICE_NON_STANDARD;59337;Lederzeele;;;;;;;;;;;;;http://www.orgbase.nl/scripts/ogb.exe?database=ob2&%250=2033528&LGE=FR&LIJST=lang;;;d;;Vansteene & Loncke (1959);IIP/22;;;;;;;
;Ledringhem;Église Saint-Omer;;;;Nord;Saint-Omer [eglise];EDIFICE_STANDARD;59338;Ledringhem;;;;;;;;;;;;;http://www.orgbase.nl/scripts/ogb.exe?database=ob2&%250=2033529&LGE=FR&LIJST=lang;;;d;;Facteur inconnu (1886);IP/7;;;;;;;
;Leers;Église Saint-Vaast;;;;Nord;Saint-Vaast [eglise];EDIFICE_STANDARD;59339;Leers;;;;;;;;;;;;;http://www.orgbase.nl/scripts/ogb.exe?database=ob2&%250=2056333&LGE=FR&LIJST=lang;;;d;;Delmotte, Constantin & Théophile (1857);IIP/16;;;;;;;
;Les Moëres;Église Notre-Dame de l'Assomption;;;;Nord;Notre-Dame de l'Assomption [eglise];EDIFICE_STANDARD;;;;;;;;;;;;;;;http://www.orgbase.nl/scripts/ogb.exe?database=ob2&%250=2033532&LGE=FR&LIJST=lang;;;d;;Michel-Merklin & Kuhn (1953);IIP/13;;;;;;;
;Lesquin;Église Saint Barthélémy;;;;Nord;Saint-Barthélémy [eglise];EDIFICE_STANDARD;59343;Lesquin;;;;;;;;;;;;;http://www.orgbase.nl/scripts/ogb.exe?database=ob2&%250=2059286&LGE=FR&LIJST=lang;;;dp;;Delmotte, Edouard & Théophile (1875);Ip/10;;;;;;;
;Lille;Basilique Cathédrale Notre-Dame-de-la-Treille;;;;Nord;Cathédrale Notre-Dame-De-La-Treille [basilique];EDIFICE_NON_STANDARD;59350;Lille;;;;;;;;;;;;;http://www.orgbase.nl/scripts/ogb.exe?database=ob2&%250=2001297&LGE=FR&LIJST=lang;;;dp;;Gonzalez, Victor (1967);IVP/102;;;;;;;
;Lille;Basilique Cathédrale Notre-Dame-de-la-Treille, Orgue de Choeur;;;;Nord;Cathédrale Notre-Dame-De-La-Treille, Orgue de Choeur [basilique];EDIFICE_NON_STANDARD;59350;Lille;;;;;;;;;;;;;http://www.orgbase.nl/scripts/ogb.exe?database=ob2&%250=2024096&LGE=FR&LIJST=lang;;;dp;;Cavaillé-Coll, Aristide (1869);IIP/19 (15);;;;;;;
;Lille;Chapelle des Franciscaines (S?urs de Notre-Dame de la Treille);;;;Nord;des Franciscaines (s?urs de Notre-Dame de la Treille) [chapelle];EDIFICE_NON_STANDARD;59350;Lille;;;;;;;;;;;;;http://www.orgbase.nl/scripts/ogb.exe?database=ob2&%250=2051529&LGE=FR&LIJST=lang;;;d;;Delmotte, Edouard & Théophile (1894);IIP/18 (14);;;;;;;
;Lille;Christ Church (Église Anglicane);;;;Nord;Christ Church (église Anglicane);EDIFICE_NON_STANDARD;59350;Lille;;;;;;;;;;;;;http://www.orgbase.nl/scripts/ogb.exe?database=ob2&%250=2028027&LGE=FR&LIJST=lang;;;d;;Pease, Albert E. (ca. 1890);IIP/10;;;;;;;
;Lille;Conservatoire de Musique, Salle Lannoy (Chambre 31);;;;Nord;Conservatoire de Musique, Salle Lannoy (chambre 31);EDIFICE_NON_STANDARD;59350;Lille;;;;;;;;;;;;;http://www.orgbase.nl/scripts/ogb.exe?database=ob2&%250=2051347&LGE=FR&LIJST=lang;;;dp;;Cogez, Bernard (2012);IIP/17;;;;;;;
;Lille;Église Notre-Dame-de-Pellevoisin;;;;Nord;Notre-Dame-De-Pellevoisin [eglise];EDIFICE_STANDARD;59350;Lille;;;;;;;;;;;;;http://www.orgbase.nl/scripts/ogb.exe?database=ob2&%250=2028026&LGE=FR&LIJST=lang;;;d;;Pascal, Jean (ca. 1965);Ip/11 (10);;;;;;;
;Lille;Église Notre-Dame-des-Victoires;;;;Nord;Notre-Dame-Des-Victoires [eglise];EDIFICE_STANDARD;59350;Lille;;;;;;;;;;;;;http://www.orgbase.nl/scripts/ogb.exe?database=ob2&%250=2051530&LGE=FR&LIJST=lang;;;d;;Kemper & Sohn, Emanuel (ca. 1960);IIP/8;;;;;;;
;Lille;Église Notre-Dame de Consolation;;;;Nord;Notre-Dame de Consolation [eglise];EDIFICE_STANDARD;59350;Lille;;;;;;;;;;;;;http://www.orgbase.nl/scripts/ogb.exe?database=ob2&%250=2056276&LGE=FR&LIJST=lang;;;d;;Schyven & Cie., Pierre (1880);IIP/24;;;;;;;
;Lille;Église Sacré-Coeur;;;;Nord;Sacré-Coeur [eglise];EDIFICE_NON_STANDARD;59350;Lille;;;;;;;;;;;;;http://www.orgbase.nl/scripts/ogb.exe?database=ob2&%250=2029696&LGE=FR&LIJST=lang;;;dp;;Schyven & Cie., Pierre (1883);IIP/26;;;;;;;
;Lille;Église Sacré-Coeur, Orgue de Choeur;;;;Nord;Sacré-Coeur, Orgue de Choeur [eglise];EDIFICE_NON_STANDARD;59350;Lille;;;;;;;;;;;;;http://www.orgbase.nl/scripts/ogb.exe?database=ob2&%250=2029697&LGE=FR&LIJST=lang;;;dp;;Bevington & Sons (ca. 1890);Ip/4;;;;;;;
;Lille;Église Saint-André;;;;Nord;Saint-André [eglise];EDIFICE_STANDARD;59350;Lille;;;;;;;;;;;;;http://www.orgbase.nl/scripts/ogb.exe?database=ob2&%250=2024097&LGE=FR&LIJST=lang;;;dp;;Merklin, Joseph (1864);IIIP/35;;;;;;;
;Lille;Église Saint-André, Orgue de Choeur;;;;Nord;Saint-André, Orgue de Choeur [eglise];EDIFICE_STANDARD;59350;Lille;;;;;;;;;;;;;http://www.orgbase.nl/scripts/ogb.exe?database=ob2&%250=2024098&LGE=FR&LIJST=lang;;;dp;;Merklin-Schütze, maison (1855);Ip/7;;;;;;;
;Lille;Église Saint-Étienne;;;;Nord;Saint-Étienne [eglise];EDIFICE_STANDARD;59350;Lille;;;;;;;;;;;;;http://www.orgbase.nl/scripts/ogb.exe?database=ob2&%250=2024099&LGE=FR&LIJST=lang;;;dp;;Daublaine-Callinet (1840);IIIP/39;;;;;;;
;Lille;Église Saint-Martin-d'Esquermes;;;;Nord;saint-martin-d'Esquermes [eglise];EDIFICE_NON_STANDARD;59350;Lille;;;;;;;;;;;;;http://www.orgbase.nl/scripts/ogb.exe?database=ob2&%250=2028031&LGE=FR&LIJST=lang;;;d;;Delmotte, Edouard & Théophile (1895);IIP/34 (27);;;;;;;
;Lille;Église Saint-Maurice;;;;Nord;Saint-Maurice [eglise];EDIFICE_STANDARD;59350;Lille;;;;;;;;;;;;;http://www.orgbase.nl/scripts/ogb.exe?database=ob2&%250=2024101&LGE=FR&LIJST=lang;;;dp;;Delmotte, Edouard & Théophile (1877);IIIP/48;;;;;;;
;Lille;Église Saint-Maurice, Orgue de Choeur;;;;Nord;Saint-Maurice, Orgue de Choeur [eglise];EDIFICE_STANDARD;59350;Lille;;;;;;;;;;;;;http://www.orgbase.nl/scripts/ogb.exe?database=ob2&%250=2024102&LGE=FR&LIJST=lang;;;dp;;Merklin, Joseph (1878);IIP/16;;;;;;;
;Lille;Église Saint-Michel;;;;Nord;Saint-Michel [eglise];EDIFICE_STANDARD;59350;Lille;;;;;;;;;;;;;http://www.orgbase.nl/scripts/ogb.exe?database=ob2&%250=2034050&LGE=FR&LIJST=lang;;;dp;;Merklin, Joseph (1875);IIIP/49;;;;;;;
;Lille;Église Saint-Pierre-Saint-Paul;;;;Nord;Saint-Pierre-Saint-Paul [eglise];EDIFICE_STANDARD;59350;Lille;;;;;;;;;;;;;http://www.orgbase.nl/scripts/ogb.exe?database=ob2&%250=2024103&LGE=FR&LIJST=lang;;;d;;Müller, Erwin (1959);IIIP/42;;;;;;;
;Lille;Église Saint-Sauveur;;;;Nord;Saint-Sauveur [eglise];EDIFICE_STANDARD;59350;Lille;;;;;;;;;;;;;http://www.orgbase.nl/scripts/ogb.exe?database=ob2&%250=2013880&LGE=FR&LIJST=lang;;;dp;;Bever, Gebroeders Van (1903);IIIP/45 (43);;;;;;;
;Lille;Église Saint-Sauveur, Orgue de Choeur;;;;Nord;Saint-Sauveur, Orgue de Choeur [eglise];EDIFICE_STANDARD;59350;Lille;;;;;;;;;;;;;http://www.orgbase.nl/scripts/ogb.exe?database=ob2&%250=2024104&LGE=FR&LIJST=lang;;;;;Bever, Gebroeders Van (1902);IIP/14;;;;;;;
;Lille;Église Sainte-Cathérine;;;;Nord;Sainte-Cathérine [eglise];EDIFICE_STANDARD;59350;Lille;;;;;;;;;;;;;http://www.orgbase.nl/scripts/ogb.exe?database=ob2&%250=2024105&LGE=FR&LIJST=lang;;;dp;;Schyven & Cie., Pierre (1884);IIIP/26;;;;;;;
;Lille;Église Sainte-Marie-Madeleine;;;;Nord;Sainte-Marie-Madeleine [eglise];EDIFICE_STANDARD;59350;Lille;;;;;;;;;;;;;http://www.orgbase.nl/scripts/ogb.exe?database=ob2&%250=2051341&LGE=FR&LIJST=lang;;;dp;;Schyven & Cie., Pierre (1895);IIIP/40;;;;;;;
;Lille;Hôpital Saint-Sauveur, Chapelle;;;;Nord;Hôpital Saint-Sauveur, Chapelle;EDIFICE_NON_STANDARD;59350;Lille;;;;;;;;;;;;;http://www.orgbase.nl/scripts/ogb.exe?database=ob2&%250=2051517&LGE=FR&LIJST=lang;;;d;;Delmotte, Edouard & Théophile (1896 - 1958);Ip/6;;;;;;;
;Lille;Temple Protestant;;;;Nord;[temple Protestant];EDIFICE_NON_STANDARD;59350;Lille;;;;;;;;;;;;;http://www.orgbase.nl/scripts/ogb.exe?database=ob2&%250=2056277&LGE=FR&LIJST=lang;;;d;;Facteur inconnu (1880);IP/8;;;;;;;
;Linselles;Église de la Nativité de la Vierge;;;;Nord;Nativité;EDIFICE_STANDARD;59352;Linselles;;;;;;;;;;;;;http://www.orgbase.nl/scripts/ogb.exe?database=ob2&%250=2059287&LGE=FR&LIJST=lang;;;d;;Coupleux Frères (1928);IIIP/17;;;;;;;
;Lomme;Église Notre-Dame-de-la-Barrière;;;;Nord;Notre-Dame-De-La-Barrière [eglise];EDIFICE_STANDARD;;;;;;;;;;;;;;;http://www.orgbase.nl/scripts/ogb.exe?database=ob2&%250=2027864&LGE=FR&LIJST=lang;;;;;Vandeville, Paul (1902); ;;;;;;;
;Lomme;Église Notre-Dame-de-Lourdes;;;;Nord;Notre-Dame-De-Lourdes [eglise];EDIFICE_STANDARD;;;;;;;;;;;;;;;http://www.orgbase.nl/scripts/ogb.exe?database=ob2&%250=2005098&LGE=FR&LIJST=lang;;;dp;;Muhleisen, Ernest (1991);IIIP/34;;;;;;;
;Lomme;Église Notre-Dame de la Visitation;;;;Nord;Notre-Dame de la Visitation [eglise];EDIFICE_STANDARD;;;;;;;;;;;;;;;http://www.orgbase.nl/scripts/ogb.exe?database=ob2&%250=2051343&LGE=FR&LIJST=lang;;;dp;;Organería Española (1961);IIP/10;;;;;;;
;Looberghe;Église Saint-Martin;;;;Nord;Saint-Martin [eglise];EDIFICE_STANDARD;59358;Looberghe;;;;;;;;;;;;;http://www.orgbase.nl/scripts/ogb.exe?database=ob2&%250=2033540&LGE=FR&LIJST=lang;;;d;;Facteur inconnu (1713);IIP/18;;;;;;;
;Loos;Eglise Notre-Dame de Grâce;;;;Nord;Notre-Dame de Grâce [eglise];EDIFICE_STANDARD;59360;Loos;;;;;;;;;;;;;http://www.orgbase.nl/scripts/ogb.exe?database=ob2&%250=2059134&LGE=FR&LIJST=lang;;;dp;;Van den Brande, Félix (1951);IIP/23;;;;;;;
;Lynde;Église Saint-Vaast;;;;Nord;Saint-Vaast [eglise];EDIFICE_STANDARD;59366;Lynde;;;;;;;;;;;;;http://www.orgbase.nl/scripts/ogb.exe?database=ob2&%250=2033541&LGE=FR&LIJST=lang;;;d;;Delmotte, Maurice (1879);IIP/12;;;;;;;
;Malo-les-Bains;Église Notre-Dame-du-Sacré-Coeur;;;;Nord;Notre-Dame-Du-Sacré-Coeur [eglise];EDIFICE_STANDARD;;;;;;;;;;;;;;;http://www.orgbase.nl/scripts/ogb.exe?database=ob2&%250=2027900&LGE=FR&LIJST=lang;;;d;;Beuchet-Debièrre, Manufacture (1959);IIIP/46;;;;;;;
;Marchiennes;Église Sainte-Rictrude;;;;Nord;Sainte-Rictrude [eglise];EDIFICE_STANDARD;59375;Marchiennes;;;;;;;;;;;;;http://www.orgbase.nl/scripts/ogb.exe?database=ob2&%250=2028038&LGE=FR&LIJST=lang;;;dp;;Carlier, François-Joseph (1837);IIp/15;;;;;;;
;Marcq-en-Baroeul;Église Notre-Dame des Victoires;;;;Nord;Notre-Dame des Victoires [eglise];EDIFICE_STANDARD;;;;;;;;;;;;;;;http://www.orgbase.nl/scripts/ogb.exe?database=ob2&%250=2051509&LGE=FR&LIJST=lang;;;d;;Godefroy, René (1977);IIP/15;;;;;;;
;Marcq-en-Baroeul;Église Sacré-Coeur;;;;Nord;Sacré-Coeur [eglise];EDIFICE_NON_STANDARD;;;;;;;;;;;;;;;http://www.orgbase.nl/scripts/ogb.exe?database=ob2&%250=2051510&LGE=FR&LIJST=lang;;;d;;Loriaut, Jean-Louis (1995);IIP/25;;;;;;;
;Marcq-en-Baroeul;Église Saint-Jean du Quesne;;;;Nord;Saint-Jean du Quesne [eglise];EDIFICE_STANDARD;;;;;;;;;;;;;;;http://www.orgbase.nl/scripts/ogb.exe?database=ob2&%250=2051511&LGE=FR&LIJST=lang;;;d;;Delmotte, Maurice;IIP/16 (6);;;;;;;
;Marcq-en-Baroeul;Église Saint-Paul;;;;Nord;Saint-Paul [eglise];EDIFICE_STANDARD;;;;;;;;;;;;;;;http://www.orgbase.nl/scripts/ogb.exe?database=ob2&%250=2033543&LGE=FR&LIJST=lang;;;d;;Cogez, Bernard (1992);IIP/16;;;;;;;
;Marcq-en-Baroeul;Église Saint-Vincent;;;;Nord;Saint-Vincent [eglise];EDIFICE_STANDARD;;;;;;;;;;;;;;;http://www.orgbase.nl/scripts/ogb.exe?database=ob2&%250=2051349&LGE=FR&LIJST=lang;;;dp;;Stoltz & Schaff (1850);IIP/23;;;;;;;
;Marcq-en-Baroeul;Institution Libre, Chapelle du Collège;;;;Nord;Libre, Chapelle du Collège [institution];EDIFICE_NON_STANDARD;;;;;;;;;;;;;;;http://www.orgbase.nl/scripts/ogb.exe?database=ob2&%250=2051508&LGE=FR&LIJST=lang;;;d;;Anneessens, Jules (1928 - 1993);IIP/19;;;;;;;
;Marcq-en-Baroeul;Institution Libre, Chapelle du Collège;;;;Nord;Libre, Chapelle du Collège [institution];EDIFICE_NON_STANDARD;;;;;;;;;;;;;;;http://www.orgbase.nl/scripts/ogb.exe?database=ob2&%250=2051507&LGE=FR&LIJST=lang;;;d;;Cogez, Bernard (1994);IIP/18;;;;;;;
;Maroilles;Église Saint-Humbert;;;;Nord;Saint-Humbert [eglise];EDIFICE_STANDARD;59384;Maroilles;;;;;;;;;;;;;http://www.orgbase.nl/scripts/ogb.exe?database=ob2&%250=2033545&LGE=FR&LIJST=lang;;;dp;;Gobert, Antoine (1725);IIIP/29;;;;;;;
;Maubeuge;Église Saint-Pierre et Saint-Paul;;;;Nord;Saint-Pierre Et Saint-Paul [eglise];EDIFICE_STANDARD;59392;Maubeuge;;;;;;;;;;;;;http://www.orgbase.nl/scripts/ogb.exe?database=ob2&%250=2033546&LGE=FR&LIJST=lang;;;dp;;Cogez, Bernard (1993);IIP/27;;;;;;;
;Merckeghem;Église Saint-Pierre aux Liens;;;;Nord;Saint-Pierre Aux Liens [eglise];EDIFICE_STANDARD;59397;Merckeghem;;;;;;;;;;;;;http://www.orgbase.nl/scripts/ogb.exe?database=ob2&%250=2033549&LGE=FR&LIJST=lang;;;d;;Cogez, Bernard (1987);IP/9;;;;;;;
;Merris;Église Saint-Laurent;;;;Nord;Saint-Laurent [eglise];EDIFICE_STANDARD;59399;Merris;;;;;;;;;;;;;http://www.orgbase.nl/scripts/ogb.exe?database=ob2&%250=2033550&LGE=FR&LIJST=lang;;;d;;Coupleux Frères (1931);IIP/8;;;;;;;
;Merville;Église Saint-Pierre;;;;Nord;Saint-Pierre [eglise];EDIFICE_STANDARD;59400;Merville;;;;;;;;;;;;;http://www.orgbase.nl/scripts/ogb.exe?database=ob2&%250=2033551&LGE=FR&LIJST=lang;;;d;;Didier, François (1928);IIP/30;;;;;;;
;Merville;Mission Diocésaine, Chapelle;;;;Nord;Mission Diocésaine, Chapelle;EDIFICE_NON_STANDARD;59400;Merville;;;;;;;;;;;;;http://www.orgbase.nl/scripts/ogb.exe?database=ob2&%250=2027867&LGE=FR&LIJST=lang;;;d;;Cavaillé-Coll, Aristide (1891);IIP/28;;;;;;;
;Méteren;Église Saints-Pierre-et-Paul;;;;Nord;Saints-Pierre-Et-Paul [eglise];EDIFICE_NON_STANDARD;59401;Meteren;;;;;;;;;;;;;http://www.orgbase.nl/scripts/ogb.exe?database=ob2&%250=2033822&LGE=FR&LIJST=lang;;;d;;Coupleux Frères (1929 - 1991);IIP/12;;;;;;;
;Méteren;Église Saints-Pierre-et-Paul;;;;Nord;Saints-Pierre-Et-Paul [eglise];EDIFICE_NON_STANDARD;59401;Meteren;;;;;;;;;;;;;http://www.orgbase.nl/scripts/ogb.exe?database=ob2&%250=2033552&LGE=FR&LIJST=lang;;;dp;;Medico, Louis del (1991);IIP/16;;;;;;;
;Méteren;Église Saints-Pierre-et-Paul, Orgue de Choeur;;;;Nord;Saints-Pierre-Et-Paul, Orgue de Choeur [eglise];EDIFICE_NON_STANDARD;59401;Meteren;;;;;;;;;;;;;http://www.orgbase.nl/scripts/ogb.exe?database=ob2&%250=2033856&LGE=FR&LIJST=lang;;;p;;; ;;;;;;;
;Millam;Église Saint-Omer;;;;Nord;Saint-Omer [eglise];EDIFICE_STANDARD;59402;Millam;;;;;;;;;;;;;http://www.orgbase.nl/scripts/ogb.exe?database=ob2&%250=2005782&LGE=FR&LIJST=lang;;;dp;;Peteghem, Pierre Charles (I) Van (1847);IIp/17;;;;;;;
;Morbecque La Motte-aux-Bois;Église Saint-Firmin;;;;Nord;Saint-Firmin [eglise];EDIFICE_STANDARD;;;;;;;;;;;;;;;http://www.orgbase.nl/scripts/ogb.exe?database=ob2&%250=2033556&LGE=FR&LIJST=lang;;;d;;Godefroy, René (1973);IIP/14;;;;;;;
;Morbecque La Motte-aux-Bois;Église Saint-Thomas-de-Cantorbéry;;;;Nord;Saint-Thomas-De-Cantorbéry [eglise];EDIFICE_STANDARD;;;;;;;;;;;;;;;http://www.orgbase.nl/scripts/ogb.exe?database=ob2&%250=2027868&LGE=FR&LIJST=lang;;;d;;Cavaillé-Coll, Aristide (1880);IIP/10;;;;;;;
;Mouvaux;Église du Sacré-Coeur;;;;Nord;du Sacré-Coeur [eglise];EDIFICE_NON_STANDARD;59421;Mouvaux;;;;;;;;;;;;;http://www.orgbase.nl/scripts/ogb.exe?database=ob2&%250=2059284&LGE=FR&LIJST=lang;;;d;;Delmotte, Maurice (1958);IIP/25 (6);;;;;;;
;Mouvaux;Église Saint-François;;;;Nord;Saint-François [eglise];EDIFICE_STANDARD;59421;Mouvaux;;;;;;;;;;;;;http://www.orgbase.nl/scripts/ogb.exe?database=ob2&%250=2059283&LGE=FR&LIJST=lang;;;dp;;Puget & fils, Théodore (1901);IIP/15;;;;;;;
;Mouvaux;Église Saint-Germain;;;;Nord;Saint-Germain [eglise];EDIFICE_STANDARD;59421;Mouvaux;;;;;;;;;;;;;http://www.orgbase.nl/scripts/ogb.exe?database=ob2&%250=2059282&LGE=FR&LIJST=lang;;;dp;;Neuville & fils, Louis (1893);IIP/18;;;;;;;
;Neuf Berquin;Église Saint-Gilles;;;;Nord;Saint-Gilles [eglise];EDIFICE_STANDARD;59423;Neuf-Berquin;;;;;;;;;;;;;http://www.orgbase.nl/scripts/ogb.exe?database=ob2&%250=2033558&LGE=FR&LIJST=lang;;;d;;Müller, Erwin (1963);IP/5;;;;;;;
;Nieppe;Église Saint-Martin;;;;Nord;Saint-Martin [eglise];EDIFICE_STANDARD;59431;Nieppe;;;;;;;;;;;;;http://www.orgbase.nl/scripts/ogb.exe?database=ob2&%250=2033561&LGE=FR&LIJST=lang;;;d;;Bruggeman-Baert (1992);IIP/19;;;;;;;
;Nomain;Église Saint-Martin;;;;Nord;Saint-Martin [eglise];EDIFICE_STANDARD;59435;Nomain;;;;;;;;;;;;;http://www.orgbase.nl/scripts/ogb.exe?database=ob2&%250=2028035&LGE=FR&LIJST=lang;;;d;;Delmotte, Edouard & Théophile (1878);IIP/15;;;;;;;
;Ochtezeele;Église Saint-Omer;;;;Nord;Saint-Omer [eglise];EDIFICE_STANDARD;59443;Ochtezeele;;;;;;;;;;;;;http://www.orgbase.nl/scripts/ogb.exe?database=ob2&%250=2031934&LGE=FR&LIJST=lang;;;dp;;Facteur inconnu (19e eeuw);Ip/8;;;;;;;
;Ohain;Église Saint-Martin;;;;Nord;Saint-Martin [eglise];EDIFICE_STANDARD;59445;Ohain;;;;;;;;;;;;;http://www.orgbase.nl/scripts/ogb.exe?database=ob2&%250=2048083&LGE=FR&LIJST=lang;;;dp;;Delmotte, Maurice (1885);IIP/12;;;;;;;
;Oost Cappel;Église Saint-Nicolas;;;;Nord;Saint-Nicolas [eglise];EDIFICE_STANDARD;59448;Oost-Cappel;;;;;;;;;;;;;http://www.orgbase.nl/scripts/ogb.exe?database=ob2&%250=2033566&LGE=FR&LIJST=lang;;;d;;Facteur inconnu (1827);IP/6;;;;;;;
;Orchies;Église Notre-Dame;;;;Nord;Notre-Dame [eglise];EDIFICE_STANDARD;59449;Orchies;;;;;;;;;;;;;http://www.orgbase.nl/scripts/ogb.exe?database=ob2&%250=2028036&LGE=FR&LIJST=lang;;;d;;Thunus, Aloïs;IIP/26;;;;;;;
;Oudezeele;Église du Décollation de Saint-Jean-Baptiste;;;;Nord;du Décollation de Saint-Jean-Baptiste [eglise];EDIFICE_NON_STANDARD;59453;Oudezeele;;;;;;;;;;;;;http://www.orgbase.nl/scripts/ogb.exe?database=ob2&%250=2033567&LGE=FR&LIJST=lang;;;d;;Renard, Auguste (1839);IP/9;;;;;;;
;Oxelaëre;Église Saint-Martin;;;;Nord;Saint-Martin [eglise];EDIFICE_STANDARD;59454;Oxelaere;;;;;;;;;;;;;http://www.orgbase.nl/scripts/ogb.exe?database=ob2&%250=2033568&LGE=FR&LIJST=lang;;;d;;Merklin, Joseph (1897);IIP/11;;;;;;;
;Péronne-en-Mélantois;Église Saint-Nicolas;;;;Nord;Saint-Nicolas [eglise];EDIFICE_STANDARD;59458;Peronne-en-Melantois;;;;;;;;;;;;;http://www.orgbase.nl/scripts/ogb.exe?database=ob2&%250=2048849&LGE=FR&LIJST=lang;;;d;;Facteur inconnu (ca. 1880);I/7;;;;;;;
;Petite Synthe;Église Saint-Antoine-de-Padoue;;;;Nord;Saint-Antoine-De-Padoue [eglise];EDIFICE_STANDARD;;;;;;;;;;;;;;;http://www.orgbase.nl/scripts/ogb.exe?database=ob2&%250=2027901&LGE=FR&LIJST=lang;;;d;;Gonzalez, Victor (1988);IIP/8;;;;;;;
;Petite Synthe;Église Saint-Nicolas;;;;Nord;Saint-Nicolas [eglise];EDIFICE_STANDARD;;;;;;;;;;;;;;;http://www.orgbase.nl/scripts/ogb.exe?database=ob2&%250=2027902&LGE=FR&LIJST=lang;;;d;;Godefroy & Dubosc (1965);IIP/19;;;;;;;
;Pitgam;Église Saint-Folquin;;;;Nord;Saint-Folquin [eglise];EDIFICE_STANDARD;59463;Pitgam;;;;;;;;;;;;;http://www.orgbase.nl/scripts/ogb.exe?database=ob2&%250=2033571&LGE=FR&LIJST=lang;;;d;;Facteur inconnu (18e eeuw);IIP/15;;;;;;;
;Pradelles;Église Saints-Pierre-et-Paul;;;;Nord;Saints-Pierre-Et-Paul [eglise];EDIFICE_NON_STANDARD;59469;Pradelles;;;;;;;;;;;;;http://www.orgbase.nl/scripts/ogb.exe?database=ob2&%250=2033572&LGE=FR&LIJST=lang;;;d;;Jonville, Henri (1929);IP/6;;;;;;;
;Quaëdrype;Église Saint-Omer;;;;Nord;Saint-Omer [eglise];EDIFICE_STANDARD;;;;;;;;;;;;;;;http://www.orgbase.nl/scripts/ogb.exe?database=ob2&%250=2033573&LGE=FR&LIJST=lang;;;d;;Neuville, Charles (1868);IIIP/26;;;;;;;
;Quarouble;Église Saint-Antoine;;;;Nord;Saint-Antoine [eglise];EDIFICE_STANDARD;59479;Quarouble;;;;;;;;;;;;;http://www.orgbase.nl/scripts/ogb.exe?database=ob2&%250=2019269&LGE=FR&LIJST=lang;;;d;;Volder, Pierre-Jean De & Volder, Henri De (1840);Ip/10;;;;;;;
;Quennaumont;Église Saint-Calixte;;;;Nord;Saint-Calixte [eglise];EDIFICE_STANDARD;;;;;;;;;;;;;;;http://www.orgbase.nl/scripts/ogb.exe?database=ob2&%250=2059137&LGE=FR&LIJST=lang;;;;;; ;;;;;;;
;Renescure;Église d'Assomption de Notre-Dame;;;;Nord;d'Assomption de Notre-Dame [eglise];EDIFICE_NON_STANDARD;59497;Renescure;;;;;;;;;;;;;http://www.orgbase.nl/scripts/ogb.exe?database=ob2&%250=2033575&LGE=FR&LIJST=lang;;;d;;Fremat (II), Jean Baptiste (1779);IIP/10;;;;;;;
;Rexpoëde;Église Saint-Omer;;;;Nord;Saint-Omer [eglise];EDIFICE_STANDARD;59499;Rexpoede;;;;;;;;;;;;;http://www.orgbase.nl/scripts/ogb.exe?database=ob2&%250=2033576&LGE=FR&LIJST=lang;;;d;;Neuville & fils, Louis (1878);IIP/21;;;;;;;
;Roncq;Église Saint-Piat;;;;Nord;Saint-Piat [eglise];EDIFICE_STANDARD;59508;Roncq;;;;;;;;;;;;;http://www.orgbase.nl/scripts/ogb.exe?database=ob2&%250=2059288&LGE=FR&LIJST=lang;;;d;;Delmotte, Constantin & Théophile (1837);IIP/26;;;;;;;
;Rosendaël;Église de l'Assomption de Notre-Dame;;;;Nord;de l'Assomption de Notre-Dame [eglise];EDIFICE_NON_STANDARD;;;;;;;;;;;;;;;http://www.orgbase.nl/scripts/ogb.exe?database=ob2&%250=2027903&LGE=FR&LIJST=lang;;;d;;Michel-Merklin & Kuhn (1959);IIP/18;;;;;;;
;Rosendaël;Église Sainte-Bernadette;;;;Nord;Sainte-Bernadette [eglise];EDIFICE_STANDARD;;;;;;;;;;;;;;;http://www.orgbase.nl/scripts/ogb.exe?database=ob2&%250=2027904&LGE=FR&LIJST=lang;;;d;;Gonzalez, Victor (1969);IIP/11;;;;;;;
;Roubaix;Église Notre-Dame;;;;Nord;Notre-Dame [eglise];EDIFICE_STANDARD;59512;Roubaix;;;;;;;;;;;;;http://www.orgbase.nl/scripts/ogb.exe?database=ob2&%250=2027856&LGE=FR&LIJST=lang;;;dp;;Ducroquet, Pierre-Alexandre (1855);IIIP/31;;;;;;;
;Roubaix;Église Saint-Jean-Baptiste;;;;Nord;Saint-Jean-Baptiste [eglise];EDIFICE_STANDARD;59512;Roubaix;;;;;;;;;;;;;http://www.orgbase.nl/scripts/ogb.exe?database=ob2&%250=2027857&LGE=FR&LIJST=lang;;;d;;Cavaillé-Coll, Aristide (1891);IIP/20 (16);;;;;;;
;Roubaix;Église Saint-Martin;;;;Nord;Saint-Martin [eglise];EDIFICE_STANDARD;59512;Roubaix;;;;;;;;;;;;;http://www.orgbase.nl/scripts/ogb.exe?database=ob2&%250=2005781&LGE=FR&LIJST=lang;;;dp;;Godefroy, René (1981);VP/54;;;;;;;
;Roubaix;Église Saint-Martin;;;;Nord;Saint-Martin [eglise];EDIFICE_STANDARD;59512;Roubaix;;;;;;;;;;;;;http://www.orgbase.nl/scripts/ogb.exe?database=ob2&%250=2051506&LGE=FR&LIJST=lang;;;d;;Merklin, Joseph (1870 - 1980);IIIP/35;;;;;;;
;Roubaix;Église Saint-Rédempteur;;;;Nord;Saint-Rédempteur [eglise];EDIFICE_STANDARD;59512;Roubaix;;;;;;;;;;;;;http://www.orgbase.nl/scripts/ogb.exe?database=ob2&%250=2051505&LGE=FR&LIJST=lang;;;d;;Schyven & Cie., Pierre (ca.1900);IIP/18 (16);;;;;;;
;Roubaix;Temple Réformé;;;;Nord;Réformé [temple];EDIFICE_NON_STANDARD;59512;Roubaix;;;;;;;;;;;;;http://www.orgbase.nl/scripts/ogb.exe?database=ob2&%250=2027858&LGE=FR&LIJST=lang;;;d;;Cogez, Bernard (1986);IIP/18;;;;;;;
;Rubrouck;Église Saint-Sylvestre;;;;Nord;Saint-Sylvestre [eglise];EDIFICE_STANDARD;59516;Rubrouck;;;;;;;;;;;;;http://www.orgbase.nl/scripts/ogb.exe?database=ob2&%250=2033578&LGE=FR&LIJST=lang;;;d;;Facteur inconnu (1807);IIIP/26;;;;;;;
;Saint-Amand-les-Eaux;Église Saint-Martin;;;;Nord;Saint-Martin [eglise];EDIFICE_STANDARD;59526;Saint-Amand-les-Eaux;;;;;;;;;;;;;http://www.orgbase.nl/scripts/ogb.exe?database=ob2&%250=2033581&LGE=FR&LIJST=lang;;;d;;Müller, Erwin (1967);IIp/9;;;;;;;
;Saint-Jans-Cappel;Église Saint-Jean-Baptiste;;;;Nord;Saint-Jean-Baptiste [eglise];EDIFICE_STANDARD;59535;Saint-Jans-Cappel;;;;;;;;;;;;;http://www.orgbase.nl/scripts/ogb.exe?database=ob2&%250=2033585&LGE=FR&LIJST=lang;;;d;;Bédart, Maison (1934);IIP/16;;;;;;;
;Saint-Pierre-Brouck;Église Saint-Pierre aux Liens;;;;Nord;Saint-Pierre Aux Liens [eglise];EDIFICE_STANDARD;59539;Saint-Pierre-Brouck;;;;;;;;;;;;;http://www.orgbase.nl/scripts/ogb.exe?database=ob2&%250=2033596&LGE=FR&LIJST=lang;;;d;;Coupleux Frères (ca. 1920);IP/6;;;;;;;
;Saint-Pol-sur-Mer;Église Saint-Benoit;;;;Nord;Saint-Benoit [eglise];EDIFICE_STANDARD;;;;;;;;;;;;;;;http://www.orgbase.nl/scripts/ogb.exe?database=ob2&%250=2033597&LGE=FR&LIJST=lang;;;d;;Gonzalez, Victor (1970);IIP/16;;;;;;;
;Saint-Saulve;Église Saint-Martin;;;;Nord;Saint-Martin [eglise];EDIFICE_STANDARD;59544;Saint-Saulve;;;;;;;;;;;;;http://www.orgbase.nl/scripts/ogb.exe?database=ob2&%250=2033599&LGE=FR&LIJST=lang;;;d;;Merklin-Schütze, maison (1865);IIP/15 (14);;;;;;;
;Saint-Sylvestre-Cappel;Église Saint-André;;;;Nord;Saint-André [eglise];EDIFICE_STANDARD;59546;Saint-Sylvestre-Cappel;;;;;;;;;;;;;http://www.orgbase.nl/scripts/ogb.exe?database=ob2&%250=2033600&LGE=FR&LIJST=lang;;;d;;Neuville & fils, Louis (1898);IIP/17;;;;;;;
;Sainte-Marie-Cappel;Église Notre-Dame de l'Assomption;;;;Nord;Notre-Dame de l'Assomption [eglise];EDIFICE_STANDARD;59536;Sainte-Marie-Cappel;;;;;;;;;;;;;http://www.orgbase.nl/scripts/ogb.exe?database=ob2&%250=2033583&LGE=FR&LIJST=lang;;;d;;Carlier, François-Joseph (1833);IIP/13;;;;;;;
;Santes;Église Saint-Pierre;;;;Nord;Saint-Pierre [eglise];EDIFICE_STANDARD;59553;Santes;;;;;;;;;;;;;http://www.orgbase.nl/scripts/ogb.exe?database=ob2&%250=2059289&LGE=FR&LIJST=lang;;;d;;Delmotte, Edouard & Théophile (1872);IIp/15 (11);;;;;;;
;Seclin;Église Collégiale Saint-Piat;;;;Nord;Église Collégiale Saint-Piat;EDIFICE_NON_STANDARD;59560;Seclin;;;;;;;;;;;;;http://www.orgbase.nl/scripts/ogb.exe?database=ob2&%250=2056337&LGE=FR&LIJST=lang;;;d;;Cogez, Bernard (1993);IIP/9;;;;;;;
;Secus;Église Saint-Érasme;;;;Nord;Saint-Érasme [eglise];EDIFICE_STANDARD;;;;;;;;;;;;;;;http://www.orgbase.nl/scripts/ogb.exe?database=ob2&%250=2033603&LGE=FR&LIJST=lang;;;d;;Renaud, Jean (1848);IIP/13;;;;;;;
;Socx;Église Saint-Léger;;;;Nord;Saint-Léger [eglise];EDIFICE_STANDARD;59570;Socx;;;;;;;;;;;;;http://www.orgbase.nl/scripts/ogb.exe?database=ob2&%250=2033605&LGE=FR&LIJST=lang;;;d;;Gonzalez, Victor (1957);IIP/5;;;;;;;
;Solre-le-Château;Église Saint-Pierre;;;;Nord;Saint-Pierre [eglise];EDIFICE_STANDARD;59572;Solre-le-Chateau;;;;;;;;;;;;;http://www.orgbase.nl/scripts/ogb.exe?database=ob2&%250=2041012&LGE=FR&LIJST=lang;;;dp;;Delmotte, Edouard & Théophile (1865);IIP/16;;;;;;;
;Staple;Église Saint-Omer;;;;Nord;Saint-Omer [eglise];EDIFICE_STANDARD;59577;Staple;;;;;;;;;;;;;http://www.orgbase.nl/scripts/ogb.exe?database=ob2&%250=2033606&LGE=FR&LIJST=lang;;;d;;Neuville & fils, Louis (1876);IIP/15;;;;;;;
;Steenbecque;Église Saint-Pierre;;;;Nord;Saint-Pierre [eglise];EDIFICE_STANDARD;59578;Steenbecque;;;;;;;;;;;;;http://www.orgbase.nl/scripts/ogb.exe?database=ob2&%250=2033607&LGE=FR&LIJST=lang;;;d;;Michiels, Père & Fils (1859);IIP/19;;;;;;;
;Steene;Église Saint-Martin;;;;Nord;Saint-Martin [eglise];EDIFICE_STANDARD;59579;Steene;;;;;;;;;;;;;http://www.orgbase.nl/scripts/ogb.exe?database=ob2&%250=2033608&LGE=FR&LIJST=lang;;;d;;Heidenreich, Arnold (1898);IIP/12;;;;;;;
;Steenvoorde;Église Saint-Pierre;;;;Nord;Saint-Pierre [eglise];EDIFICE_STANDARD;59580;Steenvoorde;;;;;;;;;;;;;http://www.orgbase.nl/scripts/ogb.exe?database=ob2&%250=2033609&LGE=FR&LIJST=lang;;;d;;Fossaert, Yves (2003);IIP/15;;;;;;;
;Steenwerck;Église Saint-Jean-Baptiste;;;;Nord;Saint-Jean-Baptiste [eglise];EDIFICE_STANDARD;59581;Steenwerck;;;;;;;;;;;;;http://www.orgbase.nl/scripts/ogb.exe?database=ob2&%250=2033610&LGE=FR&LIJST=lang;;;d;;Coupleux Frères (1928);IIP/10;;;;;;;
;Templeuve;Église Saint-Martin;;;;Nord;Saint-Martin [eglise];EDIFICE_STANDARD;;;;;;;;;;;;;;;http://www.orgbase.nl/scripts/ogb.exe?database=ob2&%250=2028034&LGE=FR&LIJST=lang;;;d;;Dufossez, Jean-Baptiste (1857);IIP/18;;;;;;;
;Thiennes;Église Saint-Pierre;;;;Nord;Saint-Pierre [eglise];EDIFICE_STANDARD;59590;Thiennes;;;;;;;;;;;;;http://www.orgbase.nl/scripts/ogb.exe?database=ob2&%250=2033613&LGE=FR&LIJST=lang;;;d;;Renard, Auguste (1834);IIP/14;;;;;;;
;Tourcoing;Église Notre-Dame-des-Anges;;;;Nord;Notre-Dame-Des-Anges [eglise];EDIFICE_STANDARD;59599;Tourcoing;;;;;;;;;;;;;http://www.orgbase.nl/scripts/ogb.exe?database=ob2&%250=2028030&LGE=FR&LIJST=lang;;;d;;Daublaine-Callinet (1850);IIIP/49;;;;;;;
;Tourcoing;Église Sacré-Coeur;;;;Nord;Sacré-Coeur [eglise];EDIFICE_NON_STANDARD;59599;Tourcoing;;;;;;;;;;;;;http://www.orgbase.nl/scripts/ogb.exe?database=ob2&%250=2051504&LGE=FR&LIJST=lang;;;d;;Schyven & Cie., Pierre (1901);IIIP/38 (37);;;;;;;
;Tourcoing;Église Saint-Christophe;;;;Nord;Saint-Christophe [eglise];EDIFICE_STANDARD;59599;Tourcoing;;;;;;;;;;;;;http://www.orgbase.nl/scripts/ogb.exe?database=ob2&%250=2001942&LGE=FR&LIJST=lang;;;dp;;Fremat-Carlier (1751);IIIP/47;;;;;;;
;Tressin;Église Saint Pierre-et-Paul;;;;Nord;Saint-Pierre-Et-Paul [eglise];EDIFICE_STANDARD;59602;Tressin;;;;;;;;;;;;;http://www.orgbase.nl/scripts/ogb.exe?database=ob2&%250=2052576&LGE=FR&LIJST=lang;;;;;Geen orgel aanwezig; ;;;;;;;
;Uxem;Église Saint-Amand;;;;Nord;Saint-Amand [eglise];EDIFICE_STANDARD;59605;Uxem;;;;;;;;;;;;;http://www.orgbase.nl/scripts/ogb.exe?database=ob2&%250=2027863&LGE=FR&LIJST=lang;;;d;;Loncke & Zn., Joseph (1967);IIP/17;;;;;;;
;Valenciennes;Basilique Notre-Dame-du-Saint-Cordon;;;;Nord;Notre-Dame-Du-Saint-Cordon [basilique];EDIFICE_STANDARD;59606;Valenciennes;;;;;;;;;;;;;http://www.orgbase.nl/scripts/ogb.exe?database=ob2&%250=2027859&LGE=FR&LIJST=lang;;;d;;Merklin, Joseph (1891);IVP/62;;;;;;;
;Valenciennes;Basilique Notre-Dame-du-Saint-Cordon, Orgue de Choeur;;;;Nord;Notre-Dame-Du-Saint-Cordon, Orgue de Choeur [basilique];EDIFICE_STANDARD;59606;Valenciennes;;;;;;;;;;;;;http://www.orgbase.nl/scripts/ogb.exe?database=ob2&%250=2027860&LGE=FR&LIJST=lang;;;d;;Merklin, Joseph (1891);IIP/14;;;;;;;
;Valenciennes;Église Saint-Géry;;;;Nord;Saint-Géry [eglise];EDIFICE_STANDARD;59606;Valenciennes;;;;;;;;;;;;;http://www.orgbase.nl/scripts/ogb.exe?database=ob2&%250=2027862&LGE=FR&LIJST=lang;;;dp;;Cavaillé-Coll, Aristide (1898);IIIP/36;;;;;;;
;Valenciennes;Hôpital Général Hainaut, Chapelle;;;;Nord;Hôpital Général Hainaut, Chapelle;EDIFICE_NON_STANDARD;59606;Valenciennes;;;;;;;;;;;;;http://www.orgbase.nl/scripts/ogb.exe?database=ob2&%250=2033615&LGE=FR&LIJST=lang;;;d;;Facteur inconnu (ca. 1850);Ip/7;;;;;;;
;Verlinghem;Église Saint-Chrysole;;;;Nord;Saint-Chrysole [eglise];EDIFICE_STANDARD;59611;Verlinghem;;;;;;;;;;;;;http://www.orgbase.nl/scripts/ogb.exe?database=ob2&%250=2059290&LGE=FR&LIJST=lang;;;d;;Facteur inconnu (ca. 1935);IIP/13;;;;;;;
;Vieux-Berguin-sec-Bois;Église Saint-Charles-Borromée;;;;Nord;Saint-Charles-Borromée [eglise];EDIFICE_STANDARD;;;;;;;;;;;;;;;http://www.orgbase.nl/scripts/ogb.exe?database=ob2&%250=2033617&LGE=FR&LIJST=lang;;;d;;Jonville, Henri (1934);Ip/4;;;;;;;
;Vieux-Berquin;Église Saint-Barthélémy;;;;Nord;Saint-Barthélémy [eglise];EDIFICE_STANDARD;59615;Vieux-Berquin;;;;;;;;;;;;;http://www.orgbase.nl/scripts/ogb.exe?database=ob2&%250=2033618&LGE=FR&LIJST=lang;;;d;;Loridan, Marcel (1972);IIP/15;;;;;;;
;Villeneuve-d'Ascq;Église Saint-Pierre-de-Flers-Bourg;;;;Nord;Saint-Pierre-De-Flers-Bourg [eglise];EDIFICE_STANDARD;59009;Villeneuve-d'Ascq;;;;;;;;;;;;;http://www.orgbase.nl/scripts/ogb.exe?database=ob2&%250=2059291&LGE=FR&LIJST=lang;;;d;;Facteur inconnu (1854);Ip/5;;;;;;;
;Volkerinckhove;Église Saint-Folquin;;;;Nord;Saint-Folquin [eglise];EDIFICE_STANDARD;;;;;;;;;;;;;;;http://www.orgbase.nl/scripts/ogb.exe?database=ob2&%250=2033620&LGE=FR&LIJST=lang;;;d;;Renard, Auguste (1845);Ip/10;;;;;;;
;Wallon-Cappel;Église Saint-Martin;;;;Nord;Saint-Martin [eglise];EDIFICE_STANDARD;59634;Wallon-Cappel;;;;;;;;;;;;;http://www.orgbase.nl/scripts/ogb.exe?database=ob2&%250=2033621&LGE=FR&LIJST=lang;;;;;Gadault, Charles (1861); ;;;;;;;
;Wambrechies;Église Saint-Vaast;;;;Nord;Saint-Vaast [eglise];EDIFICE_STANDARD;59636;Wambrechies;;;;;;;;;;;;;http://www.orgbase.nl/scripts/ogb.exe?database=ob2&%250=2052578&LGE=FR&LIJST=lang;;;d;;Schyven & Cie., Pierre (1875);IIIP/31;;;;;;;
;Warhem;Église d'Assomption de Notre-Dame;;;;Nord;d'Assomption de Notre-Dame [eglise];EDIFICE_NON_STANDARD;59641;Warhem;;;;;;;;;;;;;http://www.orgbase.nl/scripts/ogb.exe?database=ob2&%250=2033622&LGE=FR&LIJST=lang;;;d;;Neuville & fils, Louis (1866);IIP/15;;;;;;;
;Wasquehal;Église Saint-Nicolas;;;;Nord;Saint-Nicolas [eglise];EDIFICE_STANDARD;59646;Wasquehal;;;;;;;;;;;;;http://www.orgbase.nl/scripts/ogb.exe?database=ob2&%250=2000394&LGE=FR&LIJST=lang;;;dp;;Guillemin, Gérald (1989);IIIP/40;;;;;;;
;Watten;Église Saint-Gilles;;;;Nord;Saint-Gilles [eglise];EDIFICE_STANDARD;59647;Watten;;;;;;;;;;;;;http://www.orgbase.nl/scripts/ogb.exe?database=ob2&%250=2034069&LGE=FR&LIJST=lang;;;d;;Loncke & Zn., Joseph (1928);IIP/14;;;;;;;
;Wattignies;Église Saint-Lambert;;;;Nord;Saint-Lambert [eglise];EDIFICE_STANDARD;59648;Wattignies;;;;;;;;;;;;;http://www.orgbase.nl/scripts/ogb.exe?database=ob2&%250=2033624&LGE=FR&LIJST=lang;;;d;;Pascal, Jean (1979);IIP/17;;;;;;;
;Wemaers-Cappel;Église Saint-Martin;;;;Nord;Saint-Martin [eglise];EDIFICE_STANDARD;59655;Wemaers-Cappel;;;;;;;;;;;;;http://www.orgbase.nl/scripts/ogb.exe?database=ob2&%250=2031933&LGE=FR&LIJST=lang;;;dp;;Facteur inconnu (ca. 1800);Ip/11;;;;;;;
;West-Cappel;Église Saint-Sylvestre;;;;Nord;Saint-Sylvestre [eglise];EDIFICE_STANDARD;59657;West-Cappel;;;;;;;;;;;;;http://www.orgbase.nl/scripts/ogb.exe?database=ob2&%250=2001061&LGE=FR&LIJST=lang;;;dp;;Belle, Jan Van (1683);I/12;;;;;;;
;Winnezeele;Église Saint-Martin;;;;Nord;Saint-Martin [eglise];EDIFICE_STANDARD;59662;Winnezeele;;;;;;;;;;;;;http://www.orgbase.nl/scripts/ogb.exe?database=ob2&%250=2033626&LGE=FR&LIJST=lang;;;d;;Renard, Auguste (1837);IIP/17;;;;;;;
;Wormhout;Église Saint-Martin;;;;Nord;Saint-Martin [eglise];EDIFICE_STANDARD;59663;Wormhout;;;;;;;;;;;;;http://www.orgbase.nl/scripts/ogb.exe?database=ob2&%250=2027861&LGE=FR&LIJST=lang;;;dp;;Facteur inconnu (1849);IIIP/24;;;;;;;
;Wylder;Église Saint-Martin;;;;Nord;Saint-Martin [eglise];EDIFICE_STANDARD;59665;Wylder;;;;;;;;;;;;;http://www.orgbase.nl/scripts/ogb.exe?database=ob2&%250=2033630&LGE=FR&LIJST=lang;;;d;;Neuville & fils, Louis (1857);IP/9;;;;;;;
;Zegerscappel;Église Saint-Omer;;;;Nord;Saint-Omer [eglise];EDIFICE_STANDARD;59666;Zegerscappel;;;;;;;;;;;;;http://www.orgbase.nl/scripts/ogb.exe?database=ob2&%250=2033631&LGE=FR&LIJST=lang;;;d;;Gobert & Bosquet (1733);IP/8;;;;;;;
;Zermezeele;Église Saint-Omer;;;;Nord;Saint-Omer [eglise];EDIFICE_STANDARD;59667;Zermezeele;;;;;;;;;;;;;http://www.orgbase.nl/scripts/ogb.exe?database=ob2&%250=2033632&LGE=FR&LIJST=lang;;;d;;Renard, Auguste (1856);II/12;;;;;;;
;Zuytpeene;Église Saint-Vaast;;;;Nord;Saint-Vaast [eglise];EDIFICE_STANDARD;59669;Zuytpeene;;;;;;;;;;;;;http://www.orgbase.nl/scripts/ogb.exe?database=ob2&%250=2033633&LGE=FR&LIJST=lang;;;d;;Delmotte, Maurice (1900);IIP/17;;;;;;;
